"Status","Start Time","Stop Time","Duration in ms","Parent Suite","Suite","Sub Suite","Test Class","Test Method","Name","Description"
"passed","Tue Aug 18 14:18:07 UTC 2026","Tue Aug 18 14:18:23 UTC 2026","15434","tests","test_login_form","","","","[Граничный] Отправка при невалидном формате/длине: логин='not-an-email', пароль='Password123!'","Документирует фактическое поведение: форма не блокирует отправку при невалидном формате/длине, а передаёт данные на сервер."
"passed","Tue Aug 18 14:17:54 UTC 2026","Tue Aug 18 14:17:54 UTC 2026","355","tests","test_login_form","","","","[Негативный] Валидация обязательных полей: логин='', пароль=''","Проверка сообщений валидации при пустых обязательных полях."
"passed","Tue Aug 18 14:17:58 UTC 2026","Tue Aug 18 14:17:59 UTC 2026","417","tests","test_login_form","","","","[Негативный] Валидация обязательных полей: логин='user@example.com', пароль=''","Проверка сообщений валидации при пустых обязательных полях."
"passed","Tue Aug 18 14:19:13 UTC 2026","Tue Aug 18 14:19:33 UTC 2026","20637","tests","test_login_form","","","","[Негативный] Неверные учётные данные не приводят к авторизации","Негативный сценарий: неверные учётные данные не должны приводить к успешной авторизации. Проверяем, что пользователь остаётся на форме входа (не перенаправляется в систему), и фиксируем любое сообщение об ошибке, если оно отображается."
"passed","Tue Aug 18 14:17:49 UTC 2026","Tue Aug 18 14:17:49 UTC 2026","31","tests","test_login_form","","","","[Позитивный] Форма авторизации отображается корректно","Проверка, что все элементы формы входа (логин, пароль, кнопка) видны на странице."
"passed","Tue Aug 18 14:18:03 UTC 2026","Tue Aug 18 14:18:03 UTC 2026","311","tests","test_login_form","","","","[Негативный] Валидация обязательных полей: логин='', пароль='Password123!'","Проверка сообщений валидации при пустых обязательных полях."
"passed","Tue Aug 18 14:18:53 UTC 2026","Tue Aug 18 14:19:09 UTC 2026","15417","tests","test_login_form","","","","[Граничный] Отправка при невалидном формате/длине: логин='user@example.com', пароль='short'","Документирует фактическое поведение: форма не блокирует отправку при невалидном формате/длине, а передаёт данные на сервер."
"passed","Tue Aug 18 14:18:27 UTC 2026","Tue Aug 18 14:18:43 UTC 2026","16127","tests","test_login_form","","","","[Граничный] Отправка при невалидном формате/длине: логин='aaaaaaaaaaaaaaaaaaaaaaaaaaaaaaaaaaaaaaaaaaaaaaaaaaaaaaaaaaaaaaaaaaaaaaaaaaaaaaaaaaaaaaaaaaaaaaaaaaaaaaaaaaaaaaaaaaaaaaaaaaaaaaaaaaaaaaaaaaaaaaaaaaaaaaaaaaaaaaaaaaaaaaaaaaaaaaaaaaaaaaaaaaaaaaaaaaaaaaaaaaaaaaaaaaaaaaaaaaaaaaaaaaaaaaaaaaaaaaaaaaaaaaaaaaaaaaaa', пароль='Password123!'","Документирует фактическое поведение: форма не блокирует отправку при невалидном формате/длине, а передаёт данные на сервер."
"passed","Tue Aug 18 14:19:38 UTC 2026","Tue Aug 18 14:19:38 UTC 2026","330","tests","test_login_form","","","","[Негативный] Отправка пустой формы: валидация или блокировка кнопки","Проверка поведения при отправке пустой формы: должна появиться валидация обязательных полей либо кнопка должна быть заблокирована."
